name,category,amazon_link,total_mentions,subreddit_mentions
"Nordic Ware Microwave Popcorn Popper, 12-Cup, White",Home & Kitchen,https://www.amazon.com/dp/B00004W4UP/,6,1
Sawyer Products PointOne Squeeze Water Filter System,Sports & Outdoors,https://www.amazon.com/Sawyer-Products-SP131-PointOne-Squeeze/dp/B005EHPVQW,5,1
"Evercare Lint Brush, Magik Brush (Pack of 3)","Arts, Crafts & Sewing",https://www.amazon.com/Evercare-Lint-Brush-Magik-Pack/dp/B0097PSU6A,2,1
"FoodWorks Silicone Ice Pop Maker Molds/Popsicle Molds, Set of 6",Home & Kitchen,https://www.amazon.com/FoodWorks-Silicone-Maker-Molds-Popsicle/dp/B00D9HQ30W,2,1
Quality Ear Care Stainless Steel Ear Pick,"Health, Household & Baby Care",https://www.amazon.com/dp/B01EZLSXKS/ref=asc_df_B01EZLSXKS5082853/?tag=hyprod-20&amp;creative=395033&amp;creativeASIN=B01EZLSXKS&amp;linkCode=df0&amp;hvadid=194831993644&amp;hvpos=1o3&amp;hvnetw=g&amp;hvrand=15823557320696354901&amp;hvpone=&amp;hvptwo=&amp;hvqmt=&amp;hvdev=c&amp;hvdvcmdl=&amp;hvlocint=&amp;hvlocphy=9010018&amp;hvtargid=pla-310357976779,2,1
"SodaStream Jet Sparkling Water Maker Starter Kit, Black and Silver",Home & Kitchen,https://www.amazon.com/SodaStream-Fountain-Sparkling-Starter-Silver/dp/B00EPEALEM,2,1
"Stasher Reusable Silicone Food Bag, Sandwich Bag, Sous vide Bag, Clear",Amazon Launchpad,https://www.amazon.com/Stasher-Reusable-Silicone-Food-Clear/dp/B01DZQT9CU/ref=pd_sbs_79_1?_encoding=UTF8&amp;pd_rd_i=B01DZQT9CU&amp;pd_rd_r=5VJ21FCYJFNW75JZ4YN2&amp;pd_rd_w=u8oD9&amp;pd_rd_wg=8h2SS&amp;refRID=5VJ21FCYJFNW75JZ4YN2&amp;th=1,2,1
"Onyx 18/8 Stainless Steel Popsicle Mold, Set of 6",Home & Kitchen,https://www.amazon.com/gp/product/B003R4AHTK/,1,1
SteriPen Aqua UV Water Purifier Grey / Aqua One Size,Sports & Outdoors,https://www.amazon.com/SteriPen-Water-Purifier-Black-Accents/dp/B00VGIUO2Y,1,1
Bamboo Travel Utensils - To-Go Ware Utensil Set with Carrying Case (Agave),Home & Kitchen,https://www.amazon.com/gp/product/B002BFPKFM/ref=oh_aui_detailpage_o01_s00?ie=UTF8&amp;psc=1,1,1
Squatty Potty Refresh-it Fresh Water Bidet Toilet Seat Attachment,Tools & Home Improvement,https://www.amazon.com/Squatty-Potty-Refresh-Toilet-Attachment/dp/B00SLLK6RM/ref=sr_1_2?ie=UTF8&amp;qid=1497282018&amp;sr=8-2&amp;keywords=refresh+it+bidet,1,1
FUN Water Bomb Soaker Splash Balls - Pack of 12,Toys & Games,https://www.amazon.com/Water-Bomb-Soaker-Splash-Balls/dp/B000XKSU3Q,1,1
Kuhn Rikon 20004 Smart Lid,Amazon Launchpad,https://www.amazon.com/dp/B00JM9VV5I/ref=cm_sw_r_cp_apa_EPHYyb132S9XE,1,1
"Scraps, Wilt & Weeds: Turning Wasted Food into Plenty",Books,https://www.amazon.com/Scraps-Wilt-Weeds-Turning-Wasted/dp/1455536156,1,1
"Panasonic BQ-BS2E4SA Eneloop C Size Spacers for Use with Eneloop Ni-MH Rechargeable AA Battery Cells, 4 Pack",Electronics,https://www.amazon.com/Panasonic-BQ-BS2E4SA-Eneloop-Spacers-Rechargeable/dp/B00JRF2GD8/ref=sr_1_1?ie=UTF8&amp;qid=1484318624&amp;sr=8-1&amp;keywords=C+battery+adapter,1,1
Bentgo Kids Tray with Transparent Cover (Blue),Home & Kitchen,https://www.amazon.com/Bentgo-Kids-Tray-Transparent-Cover/dp/B01MQGYG9Y,1,1
"BioBag: Food Waste Certified Compostable, 3 Gallon, 25 ct (3 pack)",Home & Kitchen,https://www.amazon.com/BioBag-Waste-Certified-Compostable-Gallon/dp/B00D7M7F42/ref=redir_mobile_desktop?_encoding=UTF8&amp%3Bkeywords=compostable%20bags&amp%3Bpi=AC_SX236_SY340_QL65&amp%3Bqid=1487476254&amp%3Bsr=8-4&ref_=mp_s_a_1_4,1,1
FemmyCycle Menstrual Cup LOW CERVIX Size,"Health, Household & Baby Care",https://www.amazon.com/exec/obidos/ASIN/B00NHDLN0S/putacupinit-20,1,1
"Simple Ecology Reusable Organic Cotton Mesh Grocery Shopping Produce Bags-Set of 6(2ea of M,L,XL)",Home & Kitchen,https://www.amazon.com/Simple-Ecology-Reusable-Shopping-Bags-Set/dp/B00B5M4JQ8/ref=redir_mobile_desktop?_encoding=UTF8&%2AVersion%2A=1&%2Aentries%2A=0,1,1
"Natural Value 100% Recycled Bathroom Tissue, 500 2-Ply Sheets Per Roll (Pack of 48)","Health, Household & Baby Care","https://www.amazon.com/gp/product/B008MTVZP0/ref=oh_aui_detailpage_o05_s00?ie=UTF8&amp;psc=1,",1,1
To-Go Ware Stainless Steel Snack Containers - Tiffin Sidekick - 5 Pack,Home & Kitchen,https://www.amazon.com/Go-Ware-Stainless-Steel-Containers/dp/B00417N6Q8,1,1
U Konserve Nesting Trio Stainless-Steel Containers with Leak-Resistant Lids,Home & Kitchen,https://www.amazon.com/Kids-Konserve-Stainless-Steel-Containers-Leak-Proof/dp/B0032UXTCG/ref=sr_1_1?s=kitchen&amp;ie=UTF8&amp;qid=1488503796&amp;sr=1-1&amp;keywords=kids+konserve,1,1
